card_key,web_url
timeline-1-onboarding-flujo-1-y-2-en-only::1-w1-e1-onboarding-2026-a-en,
timeline-1-onboarding-flujo-1-y-2-en-only::10-w2-e3-onboarding-2026-b-en,
timeline-1-onboarding-flujo-1-y-2-en-only::11-w2-e4-onboarding-2026-a-en,
timeline-1-onboarding-flujo-1-y-2-en-only::12-w2-e4-onboarding-2026-b-en,
timeline-1-onboarding-flujo-1-y-2-en-only::13-w2-e5-onboarding-2026-a-en,
timeline-1-onboarding-flujo-1-y-2-en-only::14-w2-e5-onboarding-2026-b-en,
timeline-1-onboarding-flujo-1-y-2-en-only::15-w2-e6-onboarding-2026-a-en,
timeline-1-onboarding-flujo-1-y-2-en-only::16-w2-e6-onboarding-2026-b-en,
timeline-1-onboarding-flujo-1-y-2-en-only::2-w1-e1-onboarding-2026-b-en,
timeline-1-onboarding-flujo-1-y-2-en-only::3-w1-e2-onboarding-2026-a-en,
timeline-1-onboarding-flujo-1-y-2-en-only::4-w1-e2-onboarding-2026-b-en,
timeline-1-onboarding-flujo-1-y-2-en-only::5-w2-e1-onboarding-2026-a-en,
timeline-1-onboarding-flujo-1-y-2-en-only::6-w2-e1-onboarding-2026-b-en,
timeline-1-onboarding-flujo-1-y-2-en-only::7-w2-e2-onboarding-2026-a-en,
timeline-1-onboarding-flujo-1-y-2-en-only::8-w2-e2-onboarding-2026-b-en,
timeline-1-onboarding-flujo-1-y-2-en-only::9-w2-e3-onboarding-2026-a-en,
timeline-2-nuevos-destinos-en-es::f1-no-propietarios-asturias-es,
timeline-2-nuevos-destinos-en-es::f1-no-propietarios-canarias-es,
timeline-2-nuevos-destinos-en-es::f1-no-propietarios-costa-del-sol-es,
timeline-2-nuevos-destinos-en-es::f1-no-propietarios-formigal-es,
timeline-2-nuevos-destinos-en-es::f1-no-propietarios-mallorca-es,
timeline-2-nuevos-destinos-en-es::fase-1-nuevos-destinos-mallorca-no-propietarios-en,
timeline-2-nuevos-destinos-en-es::fase-1-nuevos-destinos-marbella-no-propietarios-en,
timeline-2-nuevos-destinos-en-es::fase-1-nuevos-destinos-no-propietarios-general-en,
timeline-2-nuevos-destinos-en-es::fase-1-nuevos-destinos-no-propietarios-general-es,
timeline-2-nuevos-destinos-en-es::fase-1-nuevos-destinos-the-canary-islands-no-propietarios-en,
timeline-2-nuevos-destinos-en-es::fase-2-nuevos-destinos-no-propietarios-es,
timeline-2-nuevos-destinos-en-es::fase-2-nuevos-destinos-no-propietarios-general-en,
timeline-2-nuevos-destinos-en-es::fase-3-nuevos-destinos-no-propietarios-en,
timeline-3-flujo-nurturing-3-en-only::10a-w3-p5-have-your-plans-or-preferences-changed,
timeline-3-flujo-nurturing-3-en-only::10b-w3-p5-quick-check-in,
timeline-3-flujo-nurturing-3-en-only::11a-w3-d6-ski-lunch-repeat,
timeline-3-flujo-nurturing-3-en-only::11b-w3-d6-not-every-stay-needs-to-be-peak-season,
timeline-3-flujo-nurturing-3-en-only::12a-w3-p6-buying-a-share-is-simpler-than-most-expect,
timeline-3-flujo-nurturing-3-en-only::12b-w3-p6-how-easy-it-actually-is-to-get-started,
timeline-3-flujo-nurturing-3-en-only::1a-w3-d1-swim-in-the-ocean-lunch-at-home-siesta-by-the-pool,
timeline-3-flujo-nurturing-3-en-only::1b-w3-d1-your-home-on-the-spanish-seaside,
timeline-3-flujo-nurturing-3-en-only::2a-w3-p1-how-does-this-work-in-real-life,
timeline-3-flujo-nurturing-3-en-only::2b-w3-p1-this-is-how-sarah-and-marc-use-their-vivla-home,
timeline-3-flujo-nurturing-3-en-only::3a-w3-d2-a-mountain-home-that-waits-for-you,
timeline-3-flujo-nurturing-3-en-only::3b-w3-d2-winter-weekends-done-differently,
timeline-3-flujo-nurturing-3-en-only::4a-w3-p2-how-our-owners-actually-use-their-vivla-home,
timeline-3-flujo-nurturing-3-en-only::4b-w3-p2-this-is-how-sofia-and-jacob-use-their-vivla-home,
timeline-3-flujo-nurturing-3-en-only::5a-w3-d3-imagine-easter-somewhere-that-feels-like-yours,
timeline-3-flujo-nurturing-3-en-only::5b-w3-d3-easter-planned-in-advance,
timeline-3-flujo-nurturing-3-en-only::6a-w3-p3-flexibility-owners-actually-use,
timeline-3-flujo-nurturing-3-en-only::6b-w3-p3-what-happens-if-you-don-t-use-all-your-weeks,
timeline-3-flujo-nurturing-3-en-only::7a-w3-d4-the-summer-place-you-don-t-have-to-search-for,
timeline-3-flujo-nurturing-3-en-only::7b-w3-d4-summer-without-the-scramble,
timeline-3-flujo-nurturing-3-en-only::8a-w3-p4-how-owners-adapt-their-usage-year-to-year,
timeline-3-flujo-nurturing-3-en-only::8b-w3-p4-what-flexibility-looks-like-in-practice,
timeline-3-flujo-nurturing-3-en-only::9a-w3-d5-autumn-is-when-places-slow-down,
timeline-3-flujo-nurturing-3-en-only::9b-w3-d5-why-some-owners-prefer-the-off-season,
timeline-4-flujo-nurturing-4-en-only::w4-e1-behavioral-baqueira-2026-en,
timeline-4-flujo-nurturing-4-en-only::w4-e1-behavioral-cantabria-2026-en,
timeline-4-flujo-nurturing-4-en-only::w4-e1-behavioral-costa-blanca-2026-en,
timeline-4-flujo-nurturing-4-en-only::w4-e1-behavioral-costa-de-la-luz-2026-en,
timeline-4-flujo-nurturing-4-en-only::w4-e1-behavioral-costa-del-sol-2026-en,
timeline-4-flujo-nurturing-4-en-only::w4-e1-behavioral-ibiza-2026-en,
timeline-4-flujo-nurturing-4-en-only::w4-e1-behavioral-madrid-2026-en,
timeline-4-flujo-nurturing-4-en-only::w4-e1-behavioral-menorca-2026-en,
